url,publication_id,title,year,kilometers,currency,price
https://auto.mercadolibre.com.ar/MLA-2025927766-audi-a3-14-tfsi-sedan-stronic-125cv-_JM#polycard_client=search-nordic&position=1&search_layout=grid&type=item&tracking_id=2fc6c563-7d4a-4d57-89f7-a48bca96c40b,2025927766,Audi A3 1.4 Tfsi Sedan Stronic 125cv,2016,92000,US$,23999
https://auto.mercadolibre.com.ar/MLA-1475149023-audi-a3-14-tfsi-sedan-150cv-tiptronic-_JM#polycard_client=search-nordic&position=2&search_layout=grid&type=item&tracking_id=2fc6c563-7d4a-4d57-89f7-a48bca96c40b,1475149023,Audi A3 1.4 Tfsi Sedan Serie 150cv,2025,0,US$,42500
https://auto.mercadolibre.com.ar/MLA-1990958120-audi-a3-15-35-tfsi-sedan-tiptronic-150cv-_JM#polycard_client=search-nordic&position=3&search_layout=grid&type=item&tracking_id=2fc6c563-7d4a-4d57-89f7-a48bca96c40b,1990958120,Audi A3 1.5 35 Tfsi Sedan Tiptronic 150cv,2025,0,US$,46500
https://auto.mercadolibre.com.ar/MLA-1479515053-audi-a3-2017-20-tfsi-sedan-190cv-_JM#polycard_client=search-nordic&position=4&search_layout=grid&type=item&tracking_id=2fc6c563-7d4a-4d57-89f7-a48bca96c40b,1479515053,Audi A3 2.0 Tfsi Sedan 190cv,2017,110000,US$,28500
https://auto.mercadolibre.com.ar/MLA-1990681634-audi-a3-15-35-tfsi-sedan-tiptronic-150cv-_JM#polycard_client=search-nordic&position=5&search_layout=grid&type=item&tracking_id=2fc6c563-7d4a-4d57-89f7-a48bca96c40b,1990681634,Audi A3 1.5 35 Tfsi Sedan Tiptronic 150cv,2025,0,US$,57500
https://auto.mercadolibre.com.ar/MLA-2024853278-audi-a3-sportback-20-tfsi-190cv-_JM#polycard_client=search-nordic&position=6&search_layout=grid&type=item&tracking_id=2fc6c563-7d4a-4d57-89f7-a48bca96c40b,2024853278,Audi A3 2.0 Tfsi 190cv,2019,87000,US$,32900
https://auto.mercadolibre.com.ar/MLA-1480375463-audi-a3-sportback-14-tfsi-stronic-_JM#polycard_client=search-nordic&position=7&search_layout=grid&type=item&tracking_id=2fc6c563-7d4a-4d57-89f7-a48bca96c40b,1480375463,Audi A3 1.4 Tfsi 150 Cv,2020,56000,US$,33900
https://auto.mercadolibre.com.ar/MLA-1473649499-audi-a3-16-102cv-no-s3-no-rs3-no-a3-sportback-an-_JM#polycard_client=search-nordic&position=8&search_layout=grid&type=item&tracking_id=2fc6c563-7d4a-4d57-89f7-a48bca96c40b,1473649499,Audi A3 1.6 102cv,2010,132500,$,13100000
https://auto.mercadolibre.com.ar/MLA-1470390559-audi-a3-14-tfsi-150-cv-_JM#polycard_client=search-nordic&position=9&search_layout=grid&type=item&tracking_id=2fc6c563-7d4a-4d57-89f7-a48bca96c40b,1470390559,Audi A3 1.4 Tfsi 150 Cv,2025,0,US$,44500
https://auto.mercadolibre.com.ar/MLA-1476786955-audi-a3-14-tfsi-sedan-stronic-125cv-_JM#polycard_client=search-nordic&position=10&search_layout=grid&type=item&tracking_id=2fc6c563-7d4a-4d57-89f7-a48bca96c40b,1476786955,Audi A3 1.4 Tfsi Sedan Stronic 125cv,2018,72000,US$,26000
https://auto.mercadolibre.com.ar/MLA-1478385475-audi-a3-18-sedan-t-fsi-mt-180cv-todo-cuero-service-oficial-_JM#polycard_client=search-nordic&position=11&search_layout=grid&type=item&tracking_id=2fc6c563-7d4a-4d57-89f7-a48bca96c40b,1478385475,Audi A3 1.8 Sedan T Fsi Mt 180cv,2015,49000,US$,22990
https://auto.mercadolibre.com.ar/MLA-2024915968-audi-a3-sedan-14t-stronic-l17-2017-inmaculado-_JM#polycard_client=search-nordic&position=12&search_layout=grid&type=item&tracking_id=2fc6c563-7d4a-4d57-89f7-a48bca96c40b,2024915968,Audi A3 1.4 Tfsi Sedan 150 Cv,2017,120000,US$,27999
https://auto.mercadolibre.com.ar/MLA-2003456078-audi-a3-14-tfsi-sedan-150cv-automatico-a1-q2-2023-usado-gg-_JM#polycard_client=search-nordic&position=13&search_layout=grid&type=item&tracking_id=2fc6c563-7d4a-4d57-89f7-a48bca96c40b,2003456078,Audi A3 1.4 Tfsi Sedan 150 Cv,2023,7400,US$,39999
https://auto.mercadolibre.com.ar/MLA-1473194161-nuevo-audi-a3-sportback-0km-q3-q2-a1-q5-s3-a4-sedan-sq5-q7-a-_JM#polycard_client=search-nordic&position=14&search_layout=grid&type=item&tracking_id=2fc6c563-7d4a-4d57-89f7-a48bca96c40b,1473194161,Audi A3 1.5 35 Tfsi Sedan Tiptronic 150cv,2025,0,US$,65000
https://auto.mercadolibre.com.ar/MLA-1998907838-audi-a3-14-tfsi-150-cv-sedan-tiptronic-ac-_JM#polycard_client=search-nordic&position=15&search_layout=grid&type=item&tracking_id=2fc6c563-7d4a-4d57-89f7-a48bca96c40b,1998907838,Audi A3 1.4 Tfsi 150 Cv Tiptronic,2025,0,US$,44000
https://auto.mercadolibre.com.ar/MLA-1986326492-audi-a3-20-tfsi-3ptas-s-tronic-2017-imolaautos-_JM#polycard_client=search-nordic&position=16&search_layout=grid&type=item&tracking_id=2fc6c563-7d4a-4d57-89f7-a48bca96c40b,1986326492,Audi A3 2.0 Tfsi 3ptas S-tronic,2017,92000,US$,31500
https://auto.mercadolibre.com.ar/MLA-1993785854-audi-a3-14-tsi-mt-122cv-_JM#polycard_client=search-nordic&position=17&search_layout=grid&type=item&tracking_id=2fc6c563-7d4a-4d57-89f7-a48bca96c40b,1993785854,Audi A3 1.4 Tsi Mt 122cv,2014,118000,US$,19900
https://auto.mercadolibre.com.ar/MLA-2002255412-audi-a3-14-tfsi-sedan-150-cv-automatico-stronic-2021-usa-gg-_JM#polycard_client=search-nordic&position=18&search_layout=grid&type=item&tracking_id=2fc6c563-7d4a-4d57-89f7-a48bca96c40b,2002255412,Audi A3 1.4 Tfsi Sedan 150 Cv,2021,48000,US$,32000
https://auto.mercadolibre.com.ar/MLA-1475416491-audi-a3-14-tsi-mt-125cv-_JM#polycard_client=search-nordic&position=19&search_layout=grid&type=item&tracking_id=2fc6c563-7d4a-4d57-89f7-a48bca96c40b,1475416491,Audi A3 1.4 Tsi Mt 125cv,2013,149000,US$,16900
https://auto.mercadolibre.com.ar/MLA-1470535495-audi-a3-14-tfsi-sedan-150-cv-_JM#polycard_client=search-nordic&position=20&search_layout=grid&type=item&tracking_id=2fc6c563-7d4a-4d57-89f7-a48bca96c40b,1470535495,Audi A3 1.4 Tfsi Sedan 150 Cv,2023,15000,US$,40000
https://auto.mercadolibre.com.ar/MLA-1478820891-audi-a3-sedan-14-150cv-tiptronic-0km-_JM#polycard_client=search-nordic&position=21&search_layout=grid&type=item&tracking_id=2fc6c563-7d4a-4d57-89f7-a48bca96c40b,1478820891,Audi A3 1.4 Tfsi Sedan 150 Cv,2025,0,US$,43500
https://auto.mercadolibre.com.ar/MLA-2020474402-audi-a3-14-tfsi-sedan-stronic-125cv-_JM#polycard_client=search-nordic&position=22&search_layout=grid&type=item&tracking_id=2fc6c563-7d4a-4d57-89f7-a48bca96c40b,2020474402,Audi A3 1.4 Tfsi Sedan Stronic 125cv,2017,90000,US$,23900
https://auto.mercadolibre.com.ar/MLA-2013324582-audi-a3-15-35-tfsi-sedan-tiptronic-150cv-_JM#polycard_client=search-nordic&position=23&search_layout=grid&type=item&tracking_id=2fc6c563-7d4a-4d57-89f7-a48bca96c40b,2013324582,Audi A3 1.5 35 Tfsi Sedan Tiptronic 150cv,2025,0,US$,45600
https://auto.mercadolibre.com.ar/MLA-1474376883-audi-a3-14-tfsi-sedan-advanced-150cv-sc-_JM#polycard_client=search-nordic&position=24&search_layout=grid&type=item&tracking_id=2fc6c563-7d4a-4d57-89f7-a48bca96c40b,1474376883,Audi A3 1.4 Tfsi Sedan Advanced 150cv,2025,0,US$,57000
https://auto.mercadolibre.com.ar/MLA-2003286718-audi-a3-14-tfsi-sedan-150-cv-ac-_JM#polycard_client=search-nordic&position=25&search_layout=grid&type=item&tracking_id=2fc6c563-7d4a-4d57-89f7-a48bca96c40b,2003286718,Audi A3 1.4 Tfsi Sedan 150 Cv,2021,48000,US$,32000
https://auto.mercadolibre.com.ar/MLA-1998787636-audi-a3-14-tfsi-sedan-advanced-150cv-_JM#polycard_client=search-nordic&position=26&search_layout=grid&type=item&tracking_id=2fc6c563-7d4a-4d57-89f7-a48bca96c40b,1998787636,Audi A3 1.4 Tfsi Sedan Advanced 150cv,2025,0,US$,55500
https://auto.mercadolibre.com.ar/MLA-1998916264-audi-a3-14-tfsi-sedan-serie-150cv-_JM#polycard_client=search-nordic&position=27&search_layout=grid&type=item&tracking_id=2fc6c563-7d4a-4d57-89f7-a48bca96c40b,1998916264,Audi A3 1.4 Tfsi Sedan Serie 150cv,2025,0,US$,45600
https://auto.mercadolibre.com.ar/MLA-2018269434-audi-a3-18-t-fsi-stronic-180cv-_JM#polycard_client=search-nordic&position=28&search_layout=grid&type=item&tracking_id=2fc6c563-7d4a-4d57-89f7-a48bca96c40b,2018269434,Audi A3 1.8 T Fsi Stronic 180cv,2014,177000,US$,17500
https://auto.mercadolibre.com.ar/MLA-1992439996-audi-a3-sedan-advanced-_JM#polycard_client=search-nordic&position=29&search_layout=grid&type=item&tracking_id=2fc6c563-7d4a-4d57-89f7-a48bca96c40b,1992439996,Audi A3 Sedan Advanced Tfsi Stronic 150 Cv,2025,0,US$,56000
https://auto.mercadolibre.com.ar/MLA-1470526713-a3-sedan-14-tfsi-serie-150-cv-_JM#polycard_client=search-nordic&position=30&search_layout=grid&type=item&tracking_id=2fc6c563-7d4a-4d57-89f7-a48bca96c40b,1470526713,Audi A3 Sedan 1.4 Tfsi Stronic 150 Cv,2025,0,US$,46000
https://auto.mercadolibre.com.ar/MLA-1972458124-audi-a3-sedan-advanced-14-tfsi-150cv-_JM#polycard_client=search-nordic&position=31&search_layout=grid&type=item&tracking_id=2fc6c563-7d4a-4d57-89f7-a48bca96c40b,1972458124,Audi A3 Sed√°n Advanced,2025,0,US$,55500
https://auto.mercadolibre.com.ar/MLA-1966507886-audi-a3-14-tfsi-sedan-150cv-_JM#polycard_client=search-nordic&position=32&search_layout=grid&type=item&tracking_id=2fc6c563-7d4a-4d57-89f7-a48bca96c40b,1966507886,Audi A3 1.4 Tfsi Sedan 150 Cv,2024,0,US$,44500
https://auto.mercadolibre.com.ar/MLA-2009553398-audi-a3-2018-14-tfsi-150-cv-_JM#polycard_client=search-nordic&position=33&search_layout=grid&type=item&tracking_id=2fc6c563-7d4a-4d57-89f7-a48bca96c40b,2009553398,Audi A3 1.4 Tfsi 150 Cv,2018,90000,US$,27999
https://auto.mercadolibre.com.ar/MLA-2013299730-audi-a3-14-tfsi-sedan-advanced-150cv-_JM#polycard_client=search-nordic&position=34&search_layout=grid&type=item&tracking_id=2fc6c563-7d4a-4d57-89f7-a48bca96c40b,2013299730,Audi A3 1.4 Tfsi Sedan Advanced 150cv,2025,0,US$,55500
https://auto.mercadolibre.com.ar/MLA-2001385274-audi-a3-14-tfsi-sedan-advanced-150cv-_JM#polycard_client=search-nordic&position=35&search_layout=grid&type=item&tracking_id=2fc6c563-7d4a-4d57-89f7-a48bca96c40b,2001385274,Audi A3 1.4 Tfsi Sedan Advanced 150cv,2025,1000,US$,55500
https://auto.mercadolibre.com.ar/MLA-2021876562-audi-a3-14-tfsi-sedan-serie-150cv-_JM#polycard_client=search-nordic&position=36&search_layout=grid&type=item&tracking_id=2fc6c563-7d4a-4d57-89f7-a48bca96c40b,2021876562,Audi A3 1.4 Tfsi Sedan Serie 150cv,2025,0,US$,44500
https://auto.mercadolibre.com.ar/MLA-1477552937-audi-a3-14-tfsi-sedan-150-cv-_JM#polycard_client=search-nordic&position=37&search_layout=grid&type=item&tracking_id=2fc6c563-7d4a-4d57-89f7-a48bca96c40b,1477552937,Audi A3 1.4 Tfsi Sedan 150 Cv,2017,101997,US$,23900
https://auto.mercadolibre.com.ar/MLA-2011502300-audi-a3-14-tfsi-sedan-150-cv-_JM#polycard_client=search-nordic&position=38&search_layout=grid&type=item&tracking_id=2fc6c563-7d4a-4d57-89f7-a48bca96c40b,2011502300,Audi A3 1.4 Tfsi Sedan 150 Cv,2020,84000,US$,30000
https://auto.mercadolibre.com.ar/MLA-2010227668-audi-a3-14-tfsi-sedan-150-cv-_JM#polycard_client=search-nordic&position=40&search_layout=grid&type=item&tracking_id=2fc6c563-7d4a-4d57-89f7-a48bca96c40b,2010227668,Audi A3 1.4 Tfsi Sedan 150 Cv,2019,43000,US$,32999
https://auto.mercadolibre.com.ar/MLA-2012941124-audi-a3-18-t-fsi-stronic-180cv-_JM#polycard_client=search-nordic&position=41&search_layout=grid&type=item&tracking_id=2fc6c563-7d4a-4d57-89f7-a48bca96c40b,2012941124,Audi A3 1.8 T Fsi Stronic 180cv,2014,114000,$,21600000
https://auto.mercadolibre.com.ar/MLA-1461390569-audi-a3-14-tfsi-125cv-_JM#polycard_client=search-nordic&position=42&search_layout=grid&type=item&tracking_id=2fc6c563-7d4a-4d57-89f7-a48bca96c40b,1461390569,Audi A3 1.4 Tfsi 125cv,2016,42000,US$,24500
https://auto.mercadolibre.com.ar/MLA-2020892420-audi-a3-18-sedan-t-fsi-stronic-180cv-_JM#polycard_client=search-nordic&position=43&search_layout=grid&type=item&tracking_id=2fc6c563-7d4a-4d57-89f7-a48bca96c40b,2020892420,Audi A3 1.8 Sedan T Fsi Stronic 180cv,2016,80000,US$,25800
https://auto.mercadolibre.com.ar/MLA-2018211856-audi-a3-14-tfsi-sedan-serie-150cv-_JM#polycard_client=search-nordic&position=44&search_layout=grid&type=item&tracking_id=2fc6c563-7d4a-4d57-89f7-a48bca96c40b,2018211856,Audi A3 1.4 Tfsi Sedan Serie 150cv,2025,0,US$,41000
https://auto.mercadolibre.com.ar/MLA-2026301762-audi-a3-14-tfsi-sedan-stronic-125cv-_JM#polycard_client=search-nordic&position=45&search_layout=grid&type=item&tracking_id=2fc6c563-7d4a-4d57-89f7-a48bca96c40b,2026301762,Audi A3 1.4 Tfsi Sedan Stronic 125cv,2016,130000,US$,23500
https://auto.mercadolibre.com.ar/MLA-1478629531-audi-a3-14-tsi-mt-125cv-_JM#polycard_client=search-nordic&position=46&search_layout=grid&type=item&tracking_id=2fc6c563-7d4a-4d57-89f7-a48bca96c40b,1478629531,Audi A3 1.4 Tsi Mt 125cv,2011,140000,US$,12500
https://auto.mercadolibre.com.ar/MLA-2014014094-audi-a3-sportback-advanced-2025-_JM#polycard_client=search-nordic&position=47&search_layout=grid&type=item&tracking_id=2fc6c563-7d4a-4d57-89f7-a48bca96c40b,2014014094,Audi A3 A3 Sportback Advanced,2025,0,US$,57900
https://auto.mercadolibre.com.ar/MLA-2014021714-audi-a3-14-tfsi-stronic-at-_JM#polycard_client=search-nordic&position=48&search_layout=grid&type=item&tracking_id=2fc6c563-7d4a-4d57-89f7-a48bca96c40b,2014021714,Audi A3 1.4 Tfsi Stronic At 150cv,2018,47000,US$,33500
https://auto.mercadolibre.com.ar/MLA-2021088472-audi-a3-14-tfsi-sedan-serie-150cv-_JM#polycard_client=search-nordic&position=2&search_layout=grid&type=item&tracking_id=c864ad50-16f5-47ef-94f6-a2d880a853a8,2021088472,Audi A3 1.4 Tfsi Sedan Serie 150cv,2025,0,US$,41000
https://auto.mercadolibre.com.ar/MLA-2018185366-audi-a3-14-tfsi-sedan-stronic-150cv-_JM#polycard_client=search-nordic&position=3&search_layout=grid&type=item&tracking_id=c864ad50-16f5-47ef-94f6-a2d880a853a8,2018185366,Audi A3 1.4 Tfsi Sedan Stronic 125cv,2017,37000,US$,30000
https://auto.mercadolibre.com.ar/MLA-1479955015-audi-a3-20-t-fsi-stronic-200cv-_JM#polycard_client=search-nordic&position=4&search_layout=grid&type=item&tracking_id=c864ad50-16f5-47ef-94f6-a2d880a853a8,1479955015,Audi A3 2.0 T Fsi Stronic 200cv,2009,110000,US$,13000
https://auto.mercadolibre.com.ar/MLA-2013320700-audi-a3-20-tfsi-sedan-190cv-_JM#polycard_client=search-nordic&position=5&search_layout=grid&type=item&tracking_id=c864ad50-16f5-47ef-94f6-a2d880a853a8,2013320700,Audi A3 2.0 Tfsi Sedan 190cv,2018,130000,US$,30000
https://auto.mercadolibre.com.ar/MLA-1477069865-audi-a3-16-_JM#polycard_client=search-nordic&position=6&search_layout=grid&type=item&tracking_id=c864ad50-16f5-47ef-94f6-a2d880a853a8,1477069865,Audi A3 1.6,2004,313000,US$,8000
https://auto.mercadolibre.com.ar/MLA-2023851966-audi-a3-20-tfsi-sedan-190cv-_JM#polycard_client=search-nordic&position=7&search_layout=grid&type=item&tracking_id=c864ad50-16f5-47ef-94f6-a2d880a853a8,2023851966,Audi A3 2.0 Tfsi Sedan 190cv,2018,71000,US$,33000
https://auto.mercadolibre.com.ar/MLA-1997723406-audi-a3-sedan-2024-_JM#polycard_client=search-nordic&position=8&search_layout=grid&type=item&tracking_id=c864ad50-16f5-47ef-94f6-a2d880a853a8,1997723406,Audi A3 A3 Sedan,2024,0,US$,44900
https://auto.mercadolibre.com.ar/MLA-2011824724-audi-a3-20-tfsi-190cv-_JM#polycard_client=search-nordic&position=9&search_layout=grid&type=item&tracking_id=c864ad50-16f5-47ef-94f6-a2d880a853a8,2011824724,Audi A3 2.0 Tfsi 190cv,2020,50000,US$,35800
https://auto.mercadolibre.com.ar/MLA-2024698198-audi-a3-2018-20-tfsi-sedan-190cv-_JM#polycard_client=search-nordic&position=10&search_layout=grid&type=item&tracking_id=c864ad50-16f5-47ef-94f6-a2d880a853a8,2024698198,Audi A3 2.0 Tfsi Sedan 190cv,2018,114000,US$,28900
https://auto.mercadolibre.com.ar/MLA-2018198570-audi-a3-14-tfsi-sedan-serie-150cv-_JM#polycard_client=search-nordic&position=11&search_layout=grid&type=item&tracking_id=c864ad50-16f5-47ef-94f6-a2d880a853a8,2018198570,Audi A3 1.4 Tfsi Sedan Serie 150cv,2025,0,US$,41000
https://auto.mercadolibre.com.ar/MLA-2004813014-audi-a3-14-tfsi-sedan-serie-150cv-_JM#polycard_client=search-nordic&position=12&search_layout=grid&type=item&tracking_id=c864ad50-16f5-47ef-94f6-a2d880a853a8,2004813014,Audi A3 1.4 Tfsi Sedan Serie 150cv,2025,0,US$,41000
https://auto.mercadolibre.com.ar/MLA-2025402276-audi-a3-14-tfsi-sedan-stronic-125cv-_JM#polycard_client=search-nordic&position=13&search_layout=grid&type=item&tracking_id=c864ad50-16f5-47ef-94f6-a2d880a853a8,2025402276,Audi A3 1.4 Tfsi Sedan Stronic 125cv,2017,79000,US$,25000
https://auto.mercadolibre.com.ar/MLA-2024442582-audi-a3-18-tfsi-stronic-quattro-180cv-_JM#polycard_client=search-nordic&position=14&search_layout=grid&type=item&tracking_id=c864ad50-16f5-47ef-94f6-a2d880a853a8,2024442582,Audi A3 1.8 Tfsi Stronic Quattro 180cv,2017,129500,US$,26000
https://auto.mercadolibre.com.ar/MLA-2023308614-audi-a3-14-sedan-tfsi-stronic-122cv-_JM#polycard_client=search-nordic&position=15&search_layout=grid&type=item&tracking_id=c864ad50-16f5-47ef-94f6-a2d880a853a8,2023308614,Audi A3 1.4 Sedan Tfsi Stronic 122cv,2015,74000,US$,21500
https://auto.mercadolibre.com.ar/MLA-1967200788-audi-a3-sedan-advanced-14-tfsi-tiptronic-0km-_JM#polycard_client=search-nordic&position=16&search_layout=grid&type=item&tracking_id=c864ad50-16f5-47ef-94f6-a2d880a853a8,1967200788,Audi A3 1.4 Tfsi Sedan 150 Cv,2024,0,US$,54500
https://auto.mercadolibre.com.ar/MLA-1478852637-audi-a3-14-tfsi-sedan-serie-150cv-_JM#polycard_client=search-nordic&position=17&search_layout=grid&type=item&tracking_id=c864ad50-16f5-47ef-94f6-a2d880a853a8,1478852637,Audi A3 1.4 Tfsi Sedan Serie 150cv,2025,0,US$,41000
https://auto.mercadolibre.com.ar/MLA-1480401745-audi-a3-sportback-32-v6-quattro-_JM#polycard_client=search-nordic&position=18&search_layout=grid&type=item&tracking_id=c864ad50-16f5-47ef-94f6-a2d880a853a8,1480401745,Audi A3 3.2 V6 Quattro,2008,158000,US$,15000
https://auto.mercadolibre.com.ar/MLA-1478523037-audi-a3-18-tfsi-sedan-stronic-180cv-_JM#polycard_client=search-nordic&position=19&search_layout=grid&type=item&tracking_id=c864ad50-16f5-47ef-94f6-a2d880a853a8,1478523037,Audi A3 1.8 Tfsi Sedan Stronic 180cv,2017,119000,US$,23800
https://auto.mercadolibre.com.ar/MLA-2017447004-audi-a3-14-tsi-mt-125cv-_JM#polycard_client=search-nordic&position=20&search_layout=grid&type=item&tracking_id=c864ad50-16f5-47ef-94f6-a2d880a853a8,2017447004,Audi A3 1.4 Tsi Mt 125cv,2011,163000,US$,11500
https://auto.mercadolibre.com.ar/MLA-1478321333-audi-a3-20-tfsi-sedan-190cv-_JM#polycard_client=search-nordic&position=21&search_layout=grid&type=item&tracking_id=c864ad50-16f5-47ef-94f6-a2d880a853a8,1478321333,Audi A3 2.0 Tfsi Sedan 190cv,2018,61000,US$,33800
https://auto.mercadolibre.com.ar/MLA-1991157386-audi-a3-sedan-advanced-_JM#polycard_client=search-nordic&position=22&search_layout=grid&type=item&tracking_id=c864ad50-16f5-47ef-94f6-a2d880a853a8,1991157386,Audi A3 Advanced Sedan,2025,0,US$,55500
https://auto.mercadolibre.com.ar/MLA-1464203877-audi-a3-sportback-advanced-14-tfsi-150cv-_JM#polycard_client=search-nordic&position=23&search_layout=grid&type=item&tracking_id=c864ad50-16f5-47ef-94f6-a2d880a853a8,1464203877,Audi A3 Sportback Advanced,2025,0,US$,55800
https://auto.mercadolibre.com.ar/MLA-2021678140-audi-a3-20-tfsi-190cv-_JM#polycard_client=search-nordic&position=24&search_layout=grid&type=item&tracking_id=c864ad50-16f5-47ef-94f6-a2d880a853a8,2021678140,Audi A3 2.0 Tfsi 190cv,2018,91000,US$,33000
https://auto.mercadolibre.com.ar/MLA-1463613361-audi-a3-sedan-advanced-2024-_JM#polycard_client=search-nordic&position=25&search_layout=grid&type=item&tracking_id=c864ad50-16f5-47ef-94f6-a2d880a853a8,1463613361,Audi A3 A3 Sedan Advanced,2024,0,US$,54900
https://auto.mercadolibre.com.ar/MLA-1969005910-audi-a3-sportback-advanced-2024-_JM#polycard_client=search-nordic&position=26&search_layout=grid&type=item&tracking_id=c864ad50-16f5-47ef-94f6-a2d880a853a8,1969005910,Audi A3 A3 Sportback Advanced,2024,0,US$,57900
https://auto.mercadolibre.com.ar/MLA-1968993096-audi-a3-sportback-2024-_JM#polycard_client=search-nordic&position=27&search_layout=grid&type=item&tracking_id=c864ad50-16f5-47ef-94f6-a2d880a853a8,1968993096,Audi A3 A3 Sportback,2024,0,US$,47900
https://auto.mercadolibre.com.ar/MLA-1968785446-audi-a3-sedan-advanced-linea-nueva-_JM#polycard_client=search-nordic&position=28&search_layout=grid&type=item&tracking_id=c864ad50-16f5-47ef-94f6-a2d880a853a8,1968785446,Audi A3 A3 Sedan Advanced,2024,0,US$,54900
https://auto.mercadolibre.com.ar/MLA-1968798670-audi-a3-sedan-advanced-linea-nueva-_JM#polycard_client=search-nordic&position=29&search_layout=grid&type=item&tracking_id=c864ad50-16f5-47ef-94f6-a2d880a853a8,1968798670,Audi A3 A3 Sedan Advanced,2024,0,US$,54900
https://auto.mercadolibre.com.ar/MLA-1463455415-audi-a3-sportback-advanced-linea-nueva-_JM#polycard_client=search-nordic&position=30&search_layout=grid&type=item&tracking_id=c864ad50-16f5-47ef-94f6-a2d880a853a8,1463455415,Audi A3 A3 Sportback Advanced,2024,0,US$,57900
https://auto.mercadolibre.com.ar/MLA-1968759714-audi-a3-sportback-linea-nueva-_JM#polycard_client=search-nordic&position=31&search_layout=grid&type=item&tracking_id=c864ad50-16f5-47ef-94f6-a2d880a853a8,1968759714,Audi A3 A3 Sportback,2024,0,US$,47900
https://auto.mercadolibre.com.ar/MLA-1968810366-audi-a3-sportback-linea-nueva-_JM#polycard_client=search-nordic&position=32&search_layout=grid&type=item&tracking_id=c864ad50-16f5-47ef-94f6-a2d880a853a8,1968810366,Audi A3 A3 Sportback,2024,0,US$,47900
https://auto.mercadolibre.com.ar/MLA-1463484443-audi-a3-sportback-linea-nueva-_JM#polycard_client=search-nordic&position=33&search_layout=grid&type=item&tracking_id=c864ad50-16f5-47ef-94f6-a2d880a853a8,1463484443,Audi A3 A3 Sportback,2024,0,US$,47900
https://auto.mercadolibre.com.ar/MLA-2017647492-audi-a3-sedan-35-tfsi-150cv-2023-_JM#polycard_client=search-nordic&position=34&search_layout=grid&type=item&tracking_id=c864ad50-16f5-47ef-94f6-a2d880a853a8,2017647492,Audi A3 A3 Sedan 35 Tfsi 150cv,2023,6600,US$,41900
https://auto.mercadolibre.com.ar/MLA-1968759716-audi-a3-sportback-advanced-linea-nueva-_JM#polycard_client=search-nordic&position=35&search_layout=grid&type=item&tracking_id=c864ad50-16f5-47ef-94f6-a2d880a853a8,1968759716,Audi A3 A3 Sportback Advanced,2024,0,US$,57900
https://auto.mercadolibre.com.ar/MLA-2024896712-audi-a3-s-line-v6-32-quatro-_JM#polycard_client=search-nordic&position=36&search_layout=grid&type=item&tracking_id=c864ad50-16f5-47ef-94f6-a2d880a853a8,2024896712,Audi A3 S-line V6 3.2,2008,126000,US$,19000
https://auto.mercadolibre.com.ar/MLA-1479328661-audi-a3-14t-_JM#polycard_client=search-nordic&position=37&search_layout=grid&type=item&tracking_id=c864ad50-16f5-47ef-94f6-a2d880a853a8,1479328661,Audi A3 1.4 Tfsi Sedan 150 Cv,2012,132500,US$,10500
https://auto.mercadolibre.com.ar/MLA-1472601383-audi-a3-14-tfsi-sedan-stronic-125cv-_JM#polycard_client=search-nordic&position=38&search_layout=grid&type=item&tracking_id=c864ad50-16f5-47ef-94f6-a2d880a853a8,1472601383,Audi A3 1.4 Tfsi Sedan Stronic 125cv,2017,102000,US$,27900
https://auto.mercadolibre.com.ar/MLA-1470254723-audi-a3-14-t-fsi-35-sportback-s-tronic-l17-_JM#polycard_client=search-nordic&position=39&search_layout=grid&type=item&tracking_id=c864ad50-16f5-47ef-94f6-a2d880a853a8,1470254723,Audi A3 1.4 T Fsi 35 Sportback S-tronic L17,2019,114029,$,27800000
https://auto.mercadolibre.com.ar/MLA-2021334224-audi-a3-14-tfsi-sedan-150-cv-_JM#polycard_client=search-nordic&position=40&search_layout=grid&type=item&tracking_id=c864ad50-16f5-47ef-94f6-a2d880a853a8,2021334224,Audi A3 1.4 Tfsi Sedan 150 Cv,2018,94000,US$,30990
https://auto.mercadolibre.com.ar/MLA-2005708282-audi-a3-14-tfsi-sedan-advanced-150cv-nuevo-2025-fj-_JM#polycard_client=search-nordic&position=41&search_layout=grid&type=item&tracking_id=c864ad50-16f5-47ef-94f6-a2d880a853a8,2005708282,Audi A3 1.4 Tfsi Sedan Advanced 150cv,2025,0,US$,55600
https://auto.mercadolibre.com.ar/MLA-2022224498-audi-a3-14-tfsi-2016-3-puertas-automatico-blanco-_JM#polycard_client=search-nordic&position=42&search_layout=grid&type=item&tracking_id=c864ad50-16f5-47ef-94f6-a2d880a853a8,2022224498,Audi A3 1.4 Tfsi Stronic 125cv,2016,121000,US$,20490
https://auto.mercadolibre.com.ar/MLA-1980181548-audi-a3-14-tfsi-stronic-125cv-5-puertas-gris-topo-2017-_JM#polycard_client=search-nordic&position=43&search_layout=grid&type=item&tracking_id=c864ad50-16f5-47ef-94f6-a2d880a853a8,1980181548,Audi A3 1.4 Tfsi Stronic 125cv,2017,117000,US$,21900
https://auto.mercadolibre.com.ar/MLA-2018299634-audi-a3-14t-2012-_JM#polycard_client=search-nordic&position=44&search_layout=grid&type=item&tracking_id=c864ad50-16f5-47ef-94f6-a2d880a853a8,2018299634,Audi A3 1.4 Tfsi,2012,115800,$,16500000
https://auto.mercadolibre.com.ar/MLA-2018700712-audi-a3-14-tsi-mt-125cv-_JM#polycard_client=search-nordic&position=45&search_layout=grid&type=item&tracking_id=c864ad50-16f5-47ef-94f6-a2d880a853a8,2018700712,Audi A3 1.4 Tsi Mt 125cv,2011,150000,US$,15000
https://auto.mercadolibre.com.ar/MLA-1475500665-audi-a3-18-t-fsi-stronic-180cv-_JM#polycard_client=search-nordic&position=46&search_layout=grid&type=item&tracking_id=c864ad50-16f5-47ef-94f6-a2d880a853a8,1475500665,Audi A3 1.8 T Fsi Stronic 180cv,2013,94500,US$,18900
https://auto.mercadolibre.com.ar/MLA-1474742721-audi-a3-14-tfsi-sedan-stronic-125cv-_JM#polycard_client=search-nordic&position=47&search_layout=grid&type=item&tracking_id=c864ad50-16f5-47ef-94f6-a2d880a853a8,1474742721,Audi A3 1.4 Tfsi Sedan Stronic 125cv,2018,81000,US$,29000
https://auto.mercadolibre.com.ar/MLA-1477573791-audi-a3-20-tfsi-sedan-190cv-_JM#polycard_client=search-nordic&position=48&search_layout=grid&type=item&tracking_id=c864ad50-16f5-47ef-94f6-a2d880a853a8,1477573791,Audi A3 2.0 Tfsi Sedan 190cv,2018,84000,US$,35000
https://auto.mercadolibre.com.ar/MLA-1993806638-audi-a3-18-tfsi-sedan-_JM#polycard_client=search-nordic&position=1&search_layout=grid&type=item&tracking_id=a155f743-61fd-4f6e-a14f-bb3e456fba0b,1993806638,Audi A3 1.8 Sedan T Fsi Mt 180cv,2015,156000,US$,18900
https://auto.mercadolibre.com.ar/MLA-2017658568-audi-a3-18-t-fsi-stronic-180cv-_JM#polycard_client=search-nordic&position=2&search_layout=grid&type=item&tracking_id=a155f743-61fd-4f6e-a14f-bb3e456fba0b,2017658568,Audi A3 1.8 T Fsi Stronic 160cv,2013,120000,US$,17500
https://auto.mercadolibre.com.ar/MLA-1468905013-audi-a3-20-tfsi-sedan-190cv-_JM#polycard_client=search-nordic&position=3&search_layout=grid&type=item&tracking_id=a155f743-61fd-4f6e-a14f-bb3e456fba0b,1468905013,Audi A3 2.0 Tfsi Sedan 190cv,2018,71000,US$,33999
https://auto.mercadolibre.com.ar/MLA-1470925901-audi-a3-14-tfsi-stronic-125cv-_JM#polycard_client=search-nordic&position=4&search_layout=grid&type=item&tracking_id=a155f743-61fd-4f6e-a14f-bb3e456fba0b,1470925901,Audi A3 1.4 Tfsi Stronic 125cv,2016,88000,US$,21500
https://auto.mercadolibre.com.ar/MLA-2012610012-audi-a3-14-tfsi-sedan-stronic-125cv-_JM#polycard_client=search-nordic&position=5&search_layout=grid&type=item&tracking_id=a155f743-61fd-4f6e-a14f-bb3e456fba0b,2012610012,Audi A3 1.4 Tfsi Sedan Stronic 125cv,2017,128000,US$,23000
https://auto.mercadolibre.com.ar/MLA-1477531671-audi-a3-20-tfsi-sedan-190cv-_JM#polycard_client=search-nordic&position=6&search_layout=grid&type=item&tracking_id=a155f743-61fd-4f6e-a14f-bb3e456fba0b,1477531671,Audi A3 2.0 Tfsi Sedan 190cv,2019,56000,US$,36400
https://auto.mercadolibre.com.ar/MLA-2021970328-audi-a3-18-t-fsi-stronic-180cv-_JM#polycard_client=search-nordic&position=7&search_layout=grid&type=item&tracking_id=a155f743-61fd-4f6e-a14f-bb3e456fba0b,2021970328,Audi A3 1.8 T Fsi Stronic 180cv,2015,86000,US$,19500
https://auto.mercadolibre.com.ar/MLA-1471950791-audi-a3-14-tfsi-sportback-manual-_JM#polycard_client=search-nordic&position=8&search_layout=grid&type=item&tracking_id=a155f743-61fd-4f6e-a14f-bb3e456fba0b,1471950791,Audi A3 1.4 Tfsi Sportback Manual,2012,87500,$,16690000
https://auto.mercadolibre.com.ar/MLA-1476639591-audi-a3-14-tsi-mt-125cv-_JM#polycard_client=search-nordic&position=9&search_layout=grid&type=item&tracking_id=a155f743-61fd-4f6e-a14f-bb3e456fba0b,1476639591,Audi A3 1.4 Tsi Mt 125cv,2012,100000,US$,14000
https://auto.mercadolibre.com.ar/MLA-1995185286-audi-a3-20-tfsi-190cv-_JM#polycard_client=search-nordic&position=10&search_layout=grid&type=item&tracking_id=a155f743-61fd-4f6e-a14f-bb3e456fba0b,1995185286,Audi A3 2.0 Tfsi 190cv,2018,49000,US$,31500
https://auto.mercadolibre.com.ar/MLA-1989048778-audi-a3-2017-20-tfsi-sedan-190cv-_JM#polycard_client=search-nordic&position=11&search_layout=grid&type=item&tracking_id=a155f743-61fd-4f6e-a14f-bb3e456fba0b,1989048778,Audi A3 2.0 Tfsi Sedan 190cv,2017,80000,US$,34000
https://auto.mercadolibre.com.ar/MLA-2018260172-audi-a3-20-tfsi-190cv-_JM#polycard_client=search-nordic&position=12&search_layout=grid&type=item&tracking_id=a155f743-61fd-4f6e-a14f-bb3e456fba0b,2018260172,Audi A3 2.0 Tfsi 190cv,2019,31000,US$,40500
https://auto.mercadolibre.com.ar/MLA-1983273310-audi-a3-sedan-stronic-2019-garagepremium-_JM#polycard_client=search-nordic&position=13&search_layout=grid&type=item&tracking_id=a155f743-61fd-4f6e-a14f-bb3e456fba0b,1983273310,Audi A3 1.4 Tfsi Sedan 150 Cv,2019,81000,US$,29000
https://auto.mercadolibre.com.ar/MLA-1470584357-audi-a3-20-tfsi-s-line-190cv-s-tronic-2019-_JM#polycard_client=search-nordic&position=14&search_layout=grid&type=item&tracking_id=a155f743-61fd-4f6e-a14f-bb3e456fba0b,1470584357,Audi A3 2.0 Tfsi S-line 190cv S-tronic,2019,31000,US$,38500
https://auto.mercadolibre.com.ar/MLA-2020026706-audi-a3-20-t-fsi-stronic-200cv-lineaautomotor-_JM#polycard_client=search-nordic&position=15&search_layout=grid&type=item&tracking_id=a155f743-61fd-4f6e-a14f-bb3e456fba0b,2020026706,Audi A3 2.0 T Fsi Stronic 200cv,2013,125000,US$,18500
https://auto.mercadolibre.com.ar/MLA-1473752669-audi-a3-2015-18-t-fsi-stronic-180cv-_JM#polycard_client=search-nordic&position=16&search_layout=grid&type=item&tracking_id=a155f743-61fd-4f6e-a14f-bb3e456fba0b,1473752669,Audi A3 1.8 T Fsi Stronic 180cv,2014,95000,US$,19000
https://auto.mercadolibre.com.ar/MLA-2025433166-audi-a3-32-v6-quattro-premium-dsg-_JM#polycard_client=search-nordic&position=17&search_layout=grid&type=item&tracking_id=a155f743-61fd-4f6e-a14f-bb3e456fba0b,2025433166,Audi A3 3.2 V6 Quattro Premium Dsg,2006,95000,US$,16900
https://auto.mercadolibre.com.ar/MLA-1468947861-audi-a3-14-tsi-mt-125cv-miami-cars-_JM#polycard_client=search-nordic&position=18&search_layout=grid&type=item&tracking_id=a155f743-61fd-4f6e-a14f-bb3e456fba0b,1468947861,Audi A3 1.4 Tsi Mt 125cv,2012,1111,US$,15000
https://auto.mercadolibre.com.ar/MLA-1471066739-audi-a3-20tfsi-s-line-2018-excelente-estado-tomo-usado-_JM#polycard_client=search-nordic&position=19&search_layout=grid&type=item&tracking_id=a155f743-61fd-4f6e-a14f-bb3e456fba0b,1471066739,Audi A3 S-line 2.0 Tfsi,2018,14720,$,49800000
https://auto.mercadolibre.com.ar/MLA-1471118313-audi-a3-20tfsi-s-line-2018-excelente-estado-tomo-usado-_JM#polycard_client=search-nordic&position=20&search_layout=grid&type=item&tracking_id=a155f743-61fd-4f6e-a14f-bb3e456fba0b,1471118313,Audi A3 S-line 2.0 Tfsi,2018,14720,US$,41500
https://auto.mercadolibre.com.ar/MLA-1988601556-audi-a3-14-t-fsi-technology-_JM#polycard_client=search-nordic&position=21&search_layout=grid&type=item&tracking_id=a155f743-61fd-4f6e-a14f-bb3e456fba0b,1988601556,Audi A3 1.4 T Fsi Technology,2015,109250,$,21000000
https://auto.mercadolibre.com.ar/MLA-1469801973-audi-a3-14-t-fsi-technology-_JM#polycard_client=search-nordic&position=22&search_layout=grid&type=item&tracking_id=a155f743-61fd-4f6e-a14f-bb3e456fba0b,1469801973,Audi A3 1.4 T Fsi Technology,2015,109539,US$,17000
https://auto.mercadolibre.com.ar/MLA-2002522430-audi-a3-14-tfsi-sedan-stronic-125cv-_JM#polycard_client=search-nordic&position=23&search_layout=grid&type=item&tracking_id=a155f743-61fd-4f6e-a14f-bb3e456fba0b,2002522430,Audi A3 1.4 Tfsi Sedan Stronic 125cv,2021,11000,US$,39900
https://auto.mercadolibre.com.ar/MLA-2025529974-audi-a3-18-sedan-t-fsi-mt-180cv-_JM#polycard_client=search-nordic&position=24&search_layout=grid&type=item&tracking_id=a155f743-61fd-4f6e-a14f-bb3e456fba0b,2025529974,Audi A3 1.8 Sedan T Fsi Mt 180cv,2015,115000,US$,20000
https://auto.mercadolibre.com.ar/MLA-2003320262-audi-a3-20-tdi-_JM#polycard_client=search-nordic&position=25&search_layout=grid&type=item&tracking_id=a155f743-61fd-4f6e-a14f-bb3e456fba0b,2003320262,Audi A3 2.0 I,2008,111111,US$,11000
https://auto.mercadolibre.com.ar/MLA-1470388403-audi-a3-20-tfsi-3ptas-s-tronic-_JM#polycard_client=search-nordic&position=26&search_layout=grid&type=item&tracking_id=a155f743-61fd-4f6e-a14f-bb3e456fba0b,1470388403,Audi A3 2.0 Tfsi 3ptas S-tronic,2018,84983,US$,28500
https://auto.mercadolibre.com.ar/MLA-1964022210-audi-a3-18-tfsi-s-tronic-2010-durzo-automoviles-_JM#polycard_client=search-nordic&position=27&search_layout=grid&type=item&tracking_id=a155f743-61fd-4f6e-a14f-bb3e456fba0b,1964022210,Audi A3 1.8 T Fsi Stronic 160cv,2010,170000,US$,13000
https://auto.mercadolibre.com.ar/MLA-1471486847-audi-a3-2009-19-i-105cv-mt-_JM#polycard_client=search-nordic&position=28&search_layout=grid&type=item&tracking_id=a155f743-61fd-4f6e-a14f-bb3e456fba0b,1471486847,Audi A3 1.9 I 105cv Mt,2009,195000,US$,11000
https://auto.mercadolibre.com.ar/MLA-1470283713-audi-a3-2017-14-tfsi-stronic-125cv-_JM#polycard_client=search-nordic&position=29&search_layout=grid&type=item&tracking_id=a155f743-61fd-4f6e-a14f-bb3e456fba0b,1470283713,Audi A3 1.4 Tfsi Stronic 125cv,2017,72000,US$,27500
https://auto.mercadolibre.com.ar/MLA-2017442546-audi-a3-2021-14-tfsi-sedan-150-cv-_JM#polycard_client=search-nordic&position=30&search_layout=grid&type=item&tracking_id=a155f743-61fd-4f6e-a14f-bb3e456fba0b,2017442546,Audi A3 1.4 Tfsi Sedan 150 Cv,2021,8500,US$,43900
https://auto.mercadolibre.com.ar/MLA-1960813400-audi-a3-2012-14-tsi-mt-125cv-_JM#polycard_client=search-nordic&position=31&search_layout=grid&type=item&tracking_id=a155f743-61fd-4f6e-a14f-bb3e456fba0b,1960813400,Audi A3 1.4 Tsi Mt 125cv,2012,179000,$,17500000
https://auto.mercadolibre.com.ar/MLA-2021891358-audi-a3-15-35-tfsi-sedan-tiptronic-150cv-_JM#polycard_client=search-nordic&position=32&search_layout=grid&type=item&tracking_id=a155f743-61fd-4f6e-a14f-bb3e456fba0b,2021891358,Audi A3 1.5 35 Tfsi Sedan Tiptronic 150cv,2024,7000,US$,38000
https://auto.mercadolibre.com.ar/MLA-1474397633-audi-a3-20-t-fsi-mt-200cv-_JM#polycard_client=search-nordic&position=33&search_layout=grid&type=item&tracking_id=a155f743-61fd-4f6e-a14f-bb3e456fba0b,1474397633,Audi A3 2.0 T Fsi Mt 200cv,2010,127000,US$,17000
https://auto.mercadolibre.com.ar/MLA-1993837450-audi-a3-2017-14-tfsi-sedan-150-cv-_JM#polycard_client=search-nordic&position=34&search_layout=grid&type=item&tracking_id=a155f743-61fd-4f6e-a14f-bb3e456fba0b,1993837450,Audi A3 1.4 Tfsi Sedan 150 Cv,2017,95000,US$,26000
https://auto.mercadolibre.com.ar/MLA-1478083473-audi-a3-14-sedan-tfsi-stronic-122cv-_JM#polycard_client=search-nordic&position=35&search_layout=grid&type=item&tracking_id=a155f743-61fd-4f6e-a14f-bb3e456fba0b,1478083473,Audi A3 1.4 Sedan Tfsi Stronic 122cv,2015,75000,US$,21500
https://auto.mercadolibre.com.ar/MLA-1477802869-audi-a3-14-tsi-stronic-125cv-_JM#polycard_client=search-nordic&position=36&search_layout=grid&type=item&tracking_id=a155f743-61fd-4f6e-a14f-bb3e456fba0b,1477802869,Audi A3 1.4 Tsi Stronic 125cv,2011,130000,US$,13900
https://auto.mercadolibre.com.ar/MLA-1468264687-audi-a3-14-tfsi-sedan-at-_JM#polycard_client=search-nordic&position=37&search_layout=grid&type=item&tracking_id=a155f743-61fd-4f6e-a14f-bb3e456fba0b,1468264687,Audi A3 1.4 Tfsi Sedan 150 Cv,2018,77000,US$,24200
https://auto.mercadolibre.com.ar/MLA-1471341883-audi-a3-18-t-fsi-160cv-stronic-_JM#polycard_client=search-nordic&position=38&search_layout=grid&type=item&tracking_id=a155f743-61fd-4f6e-a14f-bb3e456fba0b,1471341883,Audi A3 1.8 T Fsi 160cv Stronic,2010,227000,US$,12300
https://auto.mercadolibre.com.ar/MLA-1952027626-audi-a3-14-t-fsi-technology-_JM#polycard_client=search-nordic&position=39&search_layout=grid&type=item&tracking_id=a155f743-61fd-4f6e-a14f-bb3e456fba0b,1952027626,Audi A3 1.4 T Fsi Technology,2015,118000,US$,17000
https://auto.mercadolibre.com.ar/MLA-1465045899-audi-a3-spotback-20-tfsi-_JM#polycard_client=search-nordic&position=40&search_layout=grid&type=item&tracking_id=a155f743-61fd-4f6e-a14f-bb3e456fba0b,1465045899,Audi A3 2.0 T Fsi Mt 200cv,2008,131400,US$,11500
https://auto.mercadolibre.com.ar/MLA-1479734343-audi-a3-16-plus-_JM#polycard_client=search-nordic&position=41&search_layout=grid&type=item&tracking_id=a155f743-61fd-4f6e-a14f-bb3e456fba0b,1479734343,Audi A3 1.6 Plus,2005,170000,US$,9600
https://auto.mercadolibre.com.ar/MLA-2011502562-audi-a3-sedan-s-tronic-mod-2018-techo-cuero-alc-automatico-_JM#polycard_client=search-nordic&position=42&search_layout=grid&type=item&tracking_id=a155f743-61fd-4f6e-a14f-bb3e456fba0b,2011502562,Audi A3 1.4 Tfsi Sedan 150 Cv S-tronic 4p,2018,89000,US$,31900
https://auto.mercadolibre.com.ar/MLA-1478461629-audi-a3-16-102cv-_JM#polycard_client=search-nordic&position=43&search_layout=grid&type=item&tracking_id=a155f743-61fd-4f6e-a14f-bb3e456fba0b,1478461629,Audi A3 1.6 102cv,2010,147000,US$,10900
https://auto.mercadolibre.com.ar/MLA-2017478398-audi-a3-16-102cv-_JM#polycard_client=search-nordic&position=44&search_layout=grid&type=item&tracking_id=a155f743-61fd-4f6e-a14f-bb3e456fba0b,2017478398,Audi A3 1.6 102cv,2008,142500,US$,13500
https://auto.mercadolibre.com.ar/MLA-2024206552-audi-a3-18-t-fsi-mt-180cv-_JM#polycard_client=search-nordic&position=45&search_layout=grid&type=item&tracking_id=a155f743-61fd-4f6e-a14f-bb3e456fba0b,2024206552,Audi A3 1.8 T Fsi Mt 180cv,2013,54000,US$,20599
https://auto.mercadolibre.com.ar/MLA-2024856436-audi-a3-20-i-140cv-mt-_JM#polycard_client=search-nordic&position=46&search_layout=grid&type=item&tracking_id=a155f743-61fd-4f6e-a14f-bb3e456fba0b,2024856436,Audi A3 2.0 I 140cv Mt,2009,140000,US$,9800
https://auto.mercadolibre.com.ar/MLA-2019349848-audi-a3-18-t-fsi-stronic-180cv-_JM#polycard_client=search-nordic&position=47&search_layout=grid&type=item&tracking_id=a155f743-61fd-4f6e-a14f-bb3e456fba0b,2019349848,Audi A3 1.8 T Fsi Stronic 180cv,2014,90000,US$,21500
https://auto.mercadolibre.com.ar/MLA-1478507791-audi-a3-14-tsi-stronic122cv-_JM#polycard_client=search-nordic&position=48&search_layout=grid&type=item&tracking_id=a155f743-61fd-4f6e-a14f-bb3e456fba0b,1478507791,Audi A3 1.4 Tsi Stronic122cv,2014,130000,US$,17500
https://auto.mercadolibre.com.ar/MLA-2010212342-audi-a3-14-t-fsi-stronic-technolo-_JM#polycard_client=search-nordic&position=1&search_layout=grid&type=item&tracking_id=eb723b9e-4ec8-4d30-8ff2-4939fcb8cf34,2010212342,Audi A3 1.4 T Fsi Stronic Technolo,2013,118000,US$,19700
https://auto.mercadolibre.com.ar/MLA-2017554262-audi-a3-20-fsi-premium-cuero-_JM#polycard_client=search-nordic&position=2&search_layout=grid&type=item&tracking_id=eb723b9e-4ec8-4d30-8ff2-4939fcb8cf34,2017554262,Audi A3 2.0 Fsi Premium Cuero,2007,160000,US$,9500
https://auto.mercadolibre.com.ar/MLA-1479349431-audi-a3-18-t-fsi-stronic-160cv-_JM#polycard_client=search-nordic&position=3&search_layout=grid&type=item&tracking_id=eb723b9e-4ec8-4d30-8ff2-4939fcb8cf34,1479349431,Audi A3 1.8 T Fsi Stronic 160cv,2009,196000,US$,10000
https://auto.mercadolibre.com.ar/MLA-2020474634-audi-a3-14-tsi-mt-125cv-_JM#polycard_client=search-nordic&position=4&search_layout=grid&type=item&tracking_id=eb723b9e-4ec8-4d30-8ff2-4939fcb8cf34,2020474634,Audi A3 1.4 Tsi Mt 125cv,2013,79000,US$,20000
https://auto.mercadolibre.com.ar/MLA-1475673225-audi-a3-16-sportback-premium-cuero-titular-al-dia-_JM#polycard_client=search-nordic&position=5&search_layout=grid&type=item&tracking_id=eb723b9e-4ec8-4d30-8ff2-4939fcb8cf34,1475673225,Audi A3 1.6 Premium Cuero,2007,214000,US$,13980
https://auto.mercadolibre.com.ar/MLA-2019876318-audi-a3-20-i-quattro-_JM#polycard_client=search-nordic&position=6&search_layout=grid&type=item&tracking_id=eb723b9e-4ec8-4d30-8ff2-4939fcb8cf34,2019876318,Audi A3 2.0 I Quattro,2006,168000,US$,11995
https://auto.mercadolibre.com.ar/MLA-1479085319-audi-a3-19-i-110hp-_JM#polycard_client=search-nordic&position=7&search_layout=grid&type=item&tracking_id=eb723b9e-4ec8-4d30-8ff2-4939fcb8cf34,1479085319,Audi A3 1.9 I 110hp,2004,190000,US$,7900
https://auto.mercadolibre.com.ar/MLA-2014042166-audi-a3-32-v6-quattro-dsg-2005-titular-al-dia-_JM#polycard_client=search-nordic&position=8&search_layout=grid&type=item&tracking_id=eb723b9e-4ec8-4d30-8ff2-4939fcb8cf34,2014042166,Audi A3 3.2 V6 Quattro Dsg,2005,181000,US$,13500
https://auto.mercadolibre.com.ar/MLA-2021596624-audi-a3-14-tfsi-stronic-125cv-_JM#polycard_client=search-nordic&position=9&search_layout=grid&type=item&tracking_id=eb723b9e-4ec8-4d30-8ff2-4939fcb8cf34,2021596624,Audi A3 1.4 Tfsi Stronic 125cv,2016,90000,US$,24500
https://auto.mercadolibre.com.ar/MLA-2015410212-audi-a3-14-tfsi-sedan-stronic-125cv-_JM#polycard_client=search-nordic&position=10&search_layout=grid&type=item&tracking_id=eb723b9e-4ec8-4d30-8ff2-4939fcb8cf34,2015410212,Audi A3 1.4 Tfsi Sedan Stronic 125cv,2016,100000,$,24000000
https://auto.mercadolibre.com.ar/MLA-1475648565-audi-a3-18-sedan-t-fsi-mt-180cv-_JM#polycard_client=search-nordic&position=11&search_layout=grid&type=item&tracking_id=eb723b9e-4ec8-4d30-8ff2-4939fcb8cf34,1475648565,Audi A3 1.8 Sedan T Fsi Mt 180cv,2015,120000,US$,21800
https://auto.mercadolibre.com.ar/MLA-1477094637-audi-a3-14-tfsi-150-cv-_JM#polycard_client=search-nordic&position=12&search_layout=grid&type=item&tracking_id=eb723b9e-4ec8-4d30-8ff2-4939fcb8cf34,1477094637,Audi A3 1.4 Tfsi 150 Cv,2017,85000,US$,25000
https://auto.mercadolibre.com.ar/MLA-2025464986-audi-a3-14-tsfi-sedan-at-_JM#polycard_client=search-nordic&position=13&search_layout=grid&type=item&tracking_id=eb723b9e-4ec8-4d30-8ff2-4939fcb8cf34,2025464986,Audi A3 1.4 Tsfi Sedan At,2018,77000,US$,24200
https://auto.mercadolibre.com.ar/MLA-2022597892-audi-a3-18-t-fsi-stronic-160cv-_JM#polycard_client=search-nordic&position=14&search_layout=grid&type=item&tracking_id=eb723b9e-4ec8-4d30-8ff2-4939fcb8cf34,2022597892,Audi A3 1.8 T Fsi Stronic 160cv,2010,118000,US$,13700
https://auto.mercadolibre.com.ar/MLA-1477802953-audi-a3-19-i-110hp-attraction-_JM#polycard_client=search-nordic&position=15&search_layout=grid&type=item&tracking_id=eb723b9e-4ec8-4d30-8ff2-4939fcb8cf34,1477802953,Audi A3 1.9 I 110hp Attraction,2001,290000,$,65000000
https://auto.mercadolibre.com.ar/MLA-1480287281-audi-a3-20-fsi-premium-cuero-_JM#polycard_client=search-nordic&position=16&search_layout=grid&type=item&tracking_id=eb723b9e-4ec8-4d30-8ff2-4939fcb8cf34,1480287281,Audi A3 2.0 Fsi Premium Cuero,2007,160000,US$,11000
https://auto.mercadolibre.com.ar/MLA-2024881282-audi-a3-14-t-fsi-stronic-technolo-_JM#polycard_client=search-nordic&position=17&search_layout=grid&type=item&tracking_id=eb723b9e-4ec8-4d30-8ff2-4939fcb8cf34,2024881282,Audi A3 1.4 T Fsi Stronic Technolo,2013,100000,US$,18700
https://auto.mercadolibre.com.ar/MLA-2013977296-primera-mano-unico-titular-_JM#polycard_client=search-nordic&position=18&search_layout=grid&type=item&tracking_id=eb723b9e-4ec8-4d30-8ff2-4939fcb8cf34,2013977296,Audi A3 A3 Sedan 35 Tfsi S Tronic,2020,85230,US$,32000
https://auto.mercadolibre.com.ar/MLA-2011463270-audi-a3-20-t-fsi-stronic-200cv-_JM#polycard_client=search-nordic&position=19&search_layout=grid&type=item&tracking_id=eb723b9e-4ec8-4d30-8ff2-4939fcb8cf34,2011463270,Audi A3 2.0 T Fsi Stronic 200cv,2008,156000,US$,11000
https://auto.mercadolibre.com.ar/MLA-2024435988-audi-a3-18-t-180-hp-5-p-_JM#polycard_client=search-nordic&position=20&search_layout=grid&type=item&tracking_id=eb723b9e-4ec8-4d30-8ff2-4939fcb8cf34,2024435988,Audi A3 1.8 T 180 Hp 5 P,2004,160000,US$,9000
https://auto.mercadolibre.com.ar/MLA-2015448672-audi-a3-14-tsi-stronic122cv-_JM#polycard_client=search-nordic&position=21&search_layout=grid&type=item&tracking_id=eb723b9e-4ec8-4d30-8ff2-4939fcb8cf34,2015448672,Audi A3 1.4 Tsi Stronic122cv,2013,119000,US$,17800
https://auto.mercadolibre.com.ar/MLA-1479852883-audi-a3-16-102cv-_JM#polycard_client=search-nordic&position=22&search_layout=grid&type=item&tracking_id=eb723b9e-4ec8-4d30-8ff2-4939fcb8cf34,1479852883,Audi A3 1.6 102cv,2010,166000,$,14000000
https://auto.mercadolibre.com.ar/MLA-2018244762-audi-a3-sedan-atm-125-cv-_JM#polycard_client=search-nordic&position=23&search_layout=grid&type=item&tracking_id=eb723b9e-4ec8-4d30-8ff2-4939fcb8cf34,2018244762,Audi A3 1.4 Tfsi Sedan 125cv,2017,70000,US$,26000
https://auto.mercadolibre.com.ar/MLA-2024655012-audi-a3-20-i-140cv-mt-_JM#polycard_client=search-nordic&position=24&search_layout=grid&type=item&tracking_id=eb723b9e-4ec8-4d30-8ff2-4939fcb8cf34,2024655012,Audi A3 2.0 I 140cv Mt,2009,100000,US$,13000
https://auto.mercadolibre.com.ar/MLA-2023443252-audi-a3-20-fsi-premium-cuero-_JM#polycard_client=search-nordic&position=25&search_layout=grid&type=item&tracking_id=eb723b9e-4ec8-4d30-8ff2-4939fcb8cf34,2023443252,Audi A3 2.0 Fsi Premium Cuero,2007,190000,US$,11500
https://auto.mercadolibre.com.ar/MLA-2013989354-audi-a3-19-i-110hp-3-p-_JM#polycard_client=search-nordic&position=26&search_layout=grid&type=item&tracking_id=eb723b9e-4ec8-4d30-8ff2-4939fcb8cf34,2013989354,Audi A3 1.9 I 110hp 3 P,2002,300000,US$,8000
https://auto.mercadolibre.com.ar/MLA-1475433855-audi-a3-2000-18-t-150-hp-3-p-_JM#polycard_client=search-nordic&position=27&search_layout=grid&type=item&tracking_id=eb723b9e-4ec8-4d30-8ff2-4939fcb8cf34,1475433855,Audi A3 1.8 T 150 Hp 3 P,2000,138000,US$,4000
https://auto.mercadolibre.com.ar/MLA-1480485591-audi-a3-16-102cv-_JM#polycard_client=search-nordic&position=28&search_layout=grid&type=item&tracking_id=eb723b9e-4ec8-4d30-8ff2-4939fcb8cf34,1480485591,Audi A3 1.6 102cv,2011,93000,$,13500000
https://auto.mercadolibre.com.ar/MLA-2011463116-audi-a3-14-tfsi-sedan-150-cv-_JM#polycard_client=search-nordic&position=29&search_layout=grid&type=item&tracking_id=eb723b9e-4ec8-4d30-8ff2-4939fcb8cf34,2011463116,Audi A3 1.4 Tfsi Sedan 150 Cv,2018,50000,US$,30500
https://auto.mercadolibre.com.ar/MLA-1478071161-audi-a3-20-fsi-tip-premium-cu-_JM#polycard_client=search-nordic&position=30&search_layout=grid&type=item&tracking_id=eb723b9e-4ec8-4d30-8ff2-4939fcb8cf34,1478071161,Audi A3 2.0 Fsi Tip. Premium Cu,2006,160000,US$,11000
https://auto.mercadolibre.com.ar/MLA-1475731215-audi-a3-18-t-fsi-stronic-180cv-_JM#polycard_client=search-nordic&position=31&search_layout=grid&type=item&tracking_id=eb723b9e-4ec8-4d30-8ff2-4939fcb8cf34,1475731215,Audi A3 1.8 T Fsi Stronic 180cv,2013,135000,US$,18000
https://auto.mercadolibre.com.ar/MLA-2023962754-audi-a3-20-t-fsi-stronic-200cv-_JM#polycard_client=search-nordic&position=32&search_layout=grid&type=item&tracking_id=eb723b9e-4ec8-4d30-8ff2-4939fcb8cf34,2023962754,Audi A3 2.0 T Fsi Stronic 200cv,2011,135000,US$,22999
https://auto.mercadolibre.com.ar/MLA-2019964710-audi-a3-14-tfsi-sedan-stronic-125cv-_JM#polycard_client=search-nordic&position=33&search_layout=grid&type=item&tracking_id=eb723b9e-4ec8-4d30-8ff2-4939fcb8cf34,2019964710,Audi A3 1.4 Tfsi Sedan Stronic 125cv,2019,89500,$,35000000
https://auto.mercadolibre.com.ar/MLA-2011392686-audi-a3-16-102cv-_JM#polycard_client=search-nordic&position=34&search_layout=grid&type=item&tracking_id=eb723b9e-4ec8-4d30-8ff2-4939fcb8cf34,2011392686,Audi A3 1.6 102cv,2010,153000,US$,10500
https://auto.mercadolibre.com.ar/MLA-2012576792-audi-a3-16-102cv-_JM#polycard_client=search-nordic&position=35&search_layout=grid&type=item&tracking_id=eb723b9e-4ec8-4d30-8ff2-4939fcb8cf34,2012576792,Audi A3 1.6 102cv,2008,195000,US$,10000
https://auto.mercadolibre.com.ar/MLA-2022539972-audi-a3-2005-32-v6-quattro-premium-dsg-_JM#polycard_client=search-nordic&position=36&search_layout=grid&type=item&tracking_id=eb723b9e-4ec8-4d30-8ff2-4939fcb8cf34,2022539972,Audi A3 3.2 V6 Quattro Premium Dsg,2005,185000,US$,12500
https://auto.mercadolibre.com.ar/MLA-2022445064-audi-a3-14-tfsi-sedan-125cv-_JM#polycard_client=search-nordic&position=37&search_layout=grid&type=item&tracking_id=eb723b9e-4ec8-4d30-8ff2-4939fcb8cf34,2022445064,Audi A3 1.4 Tfsi Sedan 125cv,2016,100000,US$,20000
https://auto.mercadolibre.com.ar/MLA-2017466106-audi-a3-18-t-fsi-_JM#polycard_client=search-nordic&position=38&search_layout=grid&type=item&tracking_id=eb723b9e-4ec8-4d30-8ff2-4939fcb8cf34,2017466106,Audi A3 1.8 T Fsi Mt 180cv,2014,80000,US$,21500
https://auto.mercadolibre.com.ar/MLA-2023328236-audi-a3-14-tfsi-sedan-stronic-125cv-_JM#polycard_client=search-nordic&position=39&search_layout=grid&type=item&tracking_id=eb723b9e-4ec8-4d30-8ff2-4939fcb8cf34,2023328236,Audi A3 1.4 Tfsi Sedan Stronic 125cv,2016,135000,US$,17900
https://auto.mercadolibre.com.ar/MLA-2021608094-audi-a3-20-t-fsi-mt-200cv-_JM#polycard_client=search-nordic&position=40&search_layout=grid&type=item&tracking_id=eb723b9e-4ec8-4d30-8ff2-4939fcb8cf34,2021608094,Audi A3 2.0 T Fsi Mt 200cv,2009,61000,US$,26500
https://auto.mercadolibre.com.ar/MLA-2026223890-audi-a3-18-t-fsi-stronic-180cv-_JM#polycard_client=search-nordic&position=41&search_layout=grid&type=item&tracking_id=eb723b9e-4ec8-4d30-8ff2-4939fcb8cf34,2026223890,Audi A3 1.8 T Fsi Stronic 180cv,2014,63000,US$,24000
https://auto.mercadolibre.com.ar/MLA-2026149056-audi-a3-32-v6-quattro-_JM#polycard_client=search-nordic&position=42&search_layout=grid&type=item&tracking_id=eb723b9e-4ec8-4d30-8ff2-4939fcb8cf34,2026149056,Audi A3 3.2 V6 Quattro,2005,150000,US$,14000
https://auto.mercadolibre.com.ar/MLA-2021587028-audi-a3-14-tfsi-stronic-125cv-_JM#polycard_client=search-nordic&position=43&search_layout=grid&type=item&tracking_id=eb723b9e-4ec8-4d30-8ff2-4939fcb8cf34,2021587028,Audi A3 1.4 Tfsi Stronic 125cv,2016,97000,US$,19500
https://auto.mercadolibre.com.ar/MLA-2011129154-audi-a3-20-t-fsi-stronic-200cv-_JM#polycard_client=search-nordic&position=44&search_layout=grid&type=item&tracking_id=eb723b9e-4ec8-4d30-8ff2-4939fcb8cf34,2011129154,Audi A3 2.0 T Fsi Stronic 200cv,2012,133000,US$,18000
https://auto.mercadolibre.com.ar/MLA-2011924510-audi-a3-2016-14-tfsi-sedan-stronic-125cv-_JM#polycard_client=search-nordic&position=45&search_layout=grid&type=item&tracking_id=eb723b9e-4ec8-4d30-8ff2-4939fcb8cf34,2011924510,Audi A3 1.4 Tfsi Sedan Stronic 125cv,2016,83000,US$,23000
https://auto.mercadolibre.com.ar/MLA-1478911663-audi-a3-16-102cv-_JM#polycard_client=search-nordic&position=46&search_layout=grid&type=item&tracking_id=eb723b9e-4ec8-4d30-8ff2-4939fcb8cf34,1478911663,Audi A3 1.6 102cv,2009,183000,US$,11000
https://auto.mercadolibre.com.ar/MLA-2017632084-audi-a3-16-102cv-_JM#polycard_client=search-nordic&position=47&search_layout=grid&type=item&tracking_id=eb723b9e-4ec8-4d30-8ff2-4939fcb8cf34,2017632084,Audi A3 1.6 102cv,2010,147000,$,9000000
https://auto.mercadolibre.com.ar/MLA-1478777521-audi-a3-2018-14-tfsi-stronic-125cv-_JM#polycard_client=search-nordic&position=48&search_layout=grid&type=item&tracking_id=eb723b9e-4ec8-4d30-8ff2-4939fcb8cf34,1478777521,Audi A3 1.4 Tfsi Stronic 125cv,2018,86000,US$,26000
https://auto.mercadolibre.com.ar/MLA-1476703937-audi-a3-_JM#polycard_client=search-nordic&position=1&search_layout=grid&type=item&tracking_id=692f2ac3-259d-4751-9e16-a97839ce933e,1476703937,Audi A3 1.6 Plus,2004,300000,US$,6000
https://auto.mercadolibre.com.ar/MLA-1479851587-audi-a3-14-tfsi-sedan-125cv-_JM#polycard_client=search-nordic&position=2&search_layout=grid&type=item&tracking_id=692f2ac3-259d-4751-9e16-a97839ce933e,1479851587,Audi A3 1.4 Tfsi Sedan 125cv,2016,65000,US$,24000
https://auto.mercadolibre.com.ar/MLA-1479488867-audi-a3-20-t-fsi-stronic-_JM#polycard_client=search-nordic&position=3&search_layout=grid&type=item&tracking_id=692f2ac3-259d-4751-9e16-a97839ce933e,1479488867,Audi A3 2.0 T Fsi Stronic,2007,185000,US$,12500
https://auto.mercadolibre.com.ar/MLA-1475119747-audi-a3-14-t-fsi-35-sportback-s-tronic-l17-_JM#polycard_client=search-nordic&position=4&search_layout=grid&type=item&tracking_id=692f2ac3-259d-4751-9e16-a97839ce933e,1475119747,Audi A3 1.4 T Fsi 35 Sportback S-tronic L17,2018,114800,US$,26500
https://auto.mercadolibre.com.ar/MLA-1980274388-audi-a3-14-tfsi-sedan-stronic-125cv-_JM#polycard_client=search-nordic&position=5&search_layout=grid&type=item&tracking_id=692f2ac3-259d-4751-9e16-a97839ce933e,1980274388,Audi A3 1.4 Tfsi Sedan Stronic 125cv,2018,32000,US$,31000
https://auto.mercadolibre.com.ar/MLA-1479866185-audi-a3-2016-14-tfsi-sedan-stronic-125cv-_JM#polycard_client=search-nordic&position=6&search_layout=grid&type=item&tracking_id=692f2ac3-259d-4751-9e16-a97839ce933e,1479866185,Audi A3 1.4 Tfsi Sedan Stronic 125cv,2016,102000,US$,21000
https://auto.mercadolibre.com.ar/MLA-1965077122-audi-a3-sedan-40-tfsi-20-190cv-full-_JM#polycard_client=search-nordic&position=7&search_layout=grid&type=item&tracking_id=692f2ac3-259d-4751-9e16-a97839ce933e,1965077122,Audi A3 2.0 Tfsi Sedan 190cv,2024,1000,US$,55000
https://auto.mercadolibre.com.ar/MLA-1476473987-audi-a3-15-35-tfsi-sedan-tiptronic-150cv-_JM#polycard_client=search-nordic&position=8&search_layout=grid&type=item&tracking_id=692f2ac3-259d-4751-9e16-a97839ce933e,1476473987,Audi A3 1.5 35 Tfsi Sedan Tiptronic 150cv,2024,2615,$,52200000
https://auto.mercadolibre.com.ar/MLA-2014138724-audi-a3-15-35-tfsi-125cv-_JM#polycard_client=search-nordic&position=9&search_layout=grid&type=item&tracking_id=692f2ac3-259d-4751-9e16-a97839ce933e,2014138724,Audi A3 1.5 35 Tfsi 125cv,2021,42000,US$,32000
https://auto.mercadolibre.com.ar/MLA-1475563645-audi-a3-14-tfsi-stronic-125cv-_JM#polycard_client=search-nordic&position=10&search_layout=grid&type=item&tracking_id=692f2ac3-259d-4751-9e16-a97839ce933e,1475563645,Audi A3 1.4 Tfsi Stronic 125cv,2018,83000,US$,25500
https://auto.mercadolibre.com.ar/MLA-2011523490-audi-a3-16-102cv-_JM#polycard_client=search-nordic&position=11&search_layout=grid&type=item&tracking_id=692f2ac3-259d-4751-9e16-a97839ce933e,2011523490,Audi A3 1.6 102cv,2009,110000,US$,12500
https://auto.mercadolibre.com.ar/MLA-2025445260-audi-a3-sedan-14-t-fsi-stronic-2017-_JM#polycard_client=search-nordic&position=12&search_layout=grid&type=item&tracking_id=692f2ac3-259d-4751-9e16-a97839ce933e,2025445260,Audi A3 1.4 Tfsi Sedan Stronic 125cv,2017,114000,US$,25300
https://auto.mercadolibre.com.ar/MLA-1470386669-audi-a3-14-tfsi-150-cv-_JM#polycard_client=search-nordic&position=13&search_layout=grid&type=item&tracking_id=692f2ac3-259d-4751-9e16-a97839ce933e,1470386669,Audi A3 1.4 Tfsi 150 Cv,2017,90000,US$,25000
https://auto.mercadolibre.com.ar/MLA-1998308846-audi-a3-2016-14-tfsi-sedan-stronic-125cv-_JM#polycard_client=search-nordic&position=14&search_layout=grid&type=item&tracking_id=692f2ac3-259d-4751-9e16-a97839ce933e,1998308846,Audi A3 1.4 Tfsi Sedan Stronic 125cv,2016,133000,US$,20000
https://auto.mercadolibre.com.ar/MLA-1998770932-audi-a3-20-tfsi-sedan-190cv-_JM#polycard_client=search-nordic&position=15&search_layout=grid&type=item&tracking_id=692f2ac3-259d-4751-9e16-a97839ce933e,1998770932,Audi A3 2.0 Tfsi Sedan 190cv,2019,37000,US$,35500
https://auto.mercadolibre.com.ar/MLA-1948609462-audi-a3-20-tfsi-190cv-sedan-s-line-_JM#polycard_client=search-nordic&position=16&search_layout=grid&type=item&tracking_id=692f2ac3-259d-4751-9e16-a97839ce933e,1948609462,Audi A3 2.0 Tfsi Sedan 190cv S-line,2019,87000,US$,33000
https://auto.mercadolibre.com.ar/MLA-1471692651-audi-a3-35tfsi-s-tronic-_JM#polycard_client=search-nordic&position=17&search_layout=grid&type=item&tracking_id=692f2ac3-259d-4751-9e16-a97839ce933e,1471692651,Audi A3 1.4 Tfsi Sedan Stronic 125cv,2021,80000,US$,33900
https://auto.mercadolibre.com.ar/MLA-1478651477-audi-a3-20-t-fsi-stronic-200cv-_JM#polycard_client=search-nordic&position=18&search_layout=grid&type=item&tracking_id=692f2ac3-259d-4751-9e16-a97839ce933e,1478651477,Audi A3 2.0 T Fsi Stronic 200cv,2013,115000,US$,18600
https://auto.mercadolibre.com.ar/MLA-1465176785-audi-a3-14-tfsi-sedan-stronic-125cv-_JM#polycard_client=search-nordic&position=19&search_layout=grid&type=item&tracking_id=692f2ac3-259d-4751-9e16-a97839ce933e,1465176785,Audi A3 1.4 Tfsi Sedan Stronic 125cv,2018,92000,US$,30000
https://auto.mercadolibre.com.ar/MLA-1473112645-audi-a3-2014-14-tsi-stronic122cv-_JM#polycard_client=search-nordic&position=20&search_layout=grid&type=item&tracking_id=692f2ac3-259d-4751-9e16-a97839ce933e,1473112645,Audi A3 1.4 Tsi Stronic122cv,2014,160000,US$,19000
https://auto.mercadolibre.com.ar/MLA-1471809495-audi-a3-16-102cv-_JM#polycard_client=search-nordic&position=21&search_layout=grid&type=item&tracking_id=692f2ac3-259d-4751-9e16-a97839ce933e,1471809495,Audi A3 1.6 102cv,2008,1111,$,11900000
https://auto.mercadolibre.com.ar/MLA-2024037218-audi-a3-20-tfsi-sedan-190cv-_JM#polycard_client=search-nordic&position=22&search_layout=grid&type=item&tracking_id=692f2ac3-259d-4751-9e16-a97839ce933e,2024037218,Audi A3 2.0 Tfsi Sedan 190cv,2018,78000,US$,35000
https://auto.mercadolibre.com.ar/MLA-1472817801-audi-a3-14-tfsi-sedan-stronic-_JM#polycard_client=search-nordic&position=23&search_layout=grid&type=item&tracking_id=692f2ac3-259d-4751-9e16-a97839ce933e,1472817801,Audi A3 1.4 Tfsi Sedan Stronic 125cv,2019,60000,US$,33500
https://auto.mercadolibre.com.ar/MLA-2024907868-audi-a3-14-tsi-mt-125cv-_JM#polycard_client=search-nordic&position=24&search_layout=grid&type=item&tracking_id=692f2ac3-259d-4751-9e16-a97839ce933e,2024907868,Audi A3 1.4 Tsi Mt 125cv,2013,110000,$,17500000
https://auto.mercadolibre.com.ar/MLA-2012428336-audi-a3-14-tfsi-stronic-125cv-_JM#polycard_client=search-nordic&position=25&search_layout=grid&type=item&tracking_id=692f2ac3-259d-4751-9e16-a97839ce933e,2012428336,Audi A3 1.4 Tfsi Stronic 125cv,2018,89000,US$,28500
https://auto.mercadolibre.com.ar/MLA-1472617501-nuevo-audi-a3-sedan-35-tfsi-tiptronic-0km-marrocchi-_JM#polycard_client=search-nordic&position=26&search_layout=grid&type=item&tracking_id=692f2ac3-259d-4751-9e16-a97839ce933e,1472617501,Audi A3 1.5 35 Tfsi Sedan Tiptronic 150cv,2025,0,US$,53700
https://auto.mercadolibre.com.ar/MLA-1464910923-audi-a3-sedan-14-tfsi-122cv-ano-2016-marrocchi-_JM#polycard_client=search-nordic&position=27&search_layout=grid&type=item&tracking_id=692f2ac3-259d-4751-9e16-a97839ce933e,1464910923,Audi A3 1.4 Tsi Mt 122cv,2016,88000,US$,19000
https://auto.mercadolibre.com.ar/MLA-1967685272-nuevo-audi-a3-sedan-35-tfsi-tiptronic-0km-marrocchi-_JM#polycard_client=search-nordic&position=28&search_layout=grid&type=item&tracking_id=692f2ac3-259d-4751-9e16-a97839ce933e,1967685272,Audi A3 1.5 35 Tfsi Sedan Tiptronic 150cv,2024,0,US$,53700
https://auto.mercadolibre.com.ar/MLA-1962386372-audi-a3-sedan-14-tfsi-stronic-ano-2016-marrocchi-_JM#polycard_client=search-nordic&position=29&search_layout=grid&type=item&tracking_id=692f2ac3-259d-4751-9e16-a97839ce933e,1962386372,Audi A3 1.4 Tfsi Sedan Stronic 125cv,2016,103000,US$,20000
https://auto.mercadolibre.com.ar/MLA-2008283736-audi-a3-14-tfsi-150-cv-_JM#polycard_client=search-nordic&position=30&search_layout=grid&type=item&tracking_id=692f2ac3-259d-4751-9e16-a97839ce933e,2008283736,Audi A3 1.4 Tfsi 150 Cv,2020,161000,US$,29500
https://auto.mercadolibre.com.ar/MLA-2000558206-audi-a3-14t-fsi-l13-2017-_JM#polycard_client=search-nordic&position=31&search_layout=grid&type=item&tracking_id=692f2ac3-259d-4751-9e16-a97839ce933e,2000558206,Audi A3 1.4 Tfsi 125cv,2017,120000,US$,23000
https://auto.mercadolibre.com.ar/MLA-2016790244-audi-a3-2017-_JM#polycard_client=search-nordic&position=32&search_layout=grid&type=item&tracking_id=692f2ac3-259d-4751-9e16-a97839ce933e,2016790244,Audi A3 Sportback 1.4 T Fsi,2017,140000,US$,21600
https://auto.mercadolibre.com.ar/MLA-1468352359-audi-a3-20-40-tfsi-stronic-190cv-_JM#polycard_client=search-nordic&position=33&search_layout=grid&type=item&tracking_id=692f2ac3-259d-4751-9e16-a97839ce933e,1468352359,Audi A3 2.0 40 Tfsi Stronic 190cv,2024,9850,US$,55000
https://auto.mercadolibre.com.ar/MLA-2020358062-audi-a3-2018-_JM#polycard_client=search-nordic&position=34&search_layout=grid&type=item&tracking_id=692f2ac3-259d-4751-9e16-a97839ce933e,2020358062,Audi A3 1.4 Tfsi Sedan At,2018,90000,US$,29000
https://auto.mercadolibre.com.ar/MLA-2018754898-audi-a3-2017-_JM#polycard_client=search-nordic&position=35&search_layout=grid&type=item&tracking_id=692f2ac3-259d-4751-9e16-a97839ce933e,2018754898,Audi A3 Sportback 1.4 T Fsi,2017,36000,US$,32000
https://auto.mercadolibre.com.ar/MLA-1476708781-audi-a3-14-tfsi-stronic-125cv-_JM#polycard_client=search-nordic&position=36&search_layout=grid&type=item&tracking_id=692f2ac3-259d-4751-9e16-a97839ce933e,1476708781,Audi A3 1.4 Tfsi Stronic 125cv,2016,93000,US$,21900
https://auto.mercadolibre.com.ar/MLA-1474543165-audi-a3-2012-14-tsi-mt-125cv-_JM#polycard_client=search-nordic&position=37&search_layout=grid&type=item&tracking_id=692f2ac3-259d-4751-9e16-a97839ce933e,1474543165,Audi A3 1.4 Tsi Mt 125cv,2012,72000,US$,14000
https://auto.mercadolibre.com.ar/MLA-2000778718-audi-a3-sedan-advanced-_JM#polycard_client=search-nordic&position=38&search_layout=grid&type=item&tracking_id=692f2ac3-259d-4751-9e16-a97839ce933e,2000778718,Audi A3 New A3 Sedan Advanced,2025,0,US$,53900
https://auto.mercadolibre.com.ar/MLA-1476743681-audi-a3-14-sedan-tfsi-stronic-122cv-_JM#polycard_client=search-nordic&position=39&search_layout=grid&type=item&tracking_id=692f2ac3-259d-4751-9e16-a97839ce933e,1476743681,Audi A3 1.4 Sedan Tfsi Stronic 122cv,2015,214000,US$,16000
https://auto.mercadolibre.com.ar/MLA-1460724105-audi-a3-14-tfsi-_JM#polycard_client=search-nordic&position=40&search_layout=grid&type=item&tracking_id=692f2ac3-259d-4751-9e16-a97839ce933e,1460724105,Audi A3 1.4 Tfsi Sedan Stronic 125cv,2016,83000,US$,23000
https://auto.mercadolibre.com.ar/MLA-2023886218-audi-a3-20-tfsi-sedan-190cv-_JM#polycard_client=search-nordic&position=41&search_layout=grid&type=item&tracking_id=692f2ac3-259d-4751-9e16-a97839ce933e,2023886218,Audi A3 2.0 Tfsi Sedan 190cv,2018,60000,US$,29500
https://auto.mercadolibre.com.ar/MLA-1967799650-audi-a3-_JM#polycard_client=search-nordic&position=42&search_layout=grid&type=item&tracking_id=692f2ac3-259d-4751-9e16-a97839ce933e,1967799650,Audi A3 1.4 T Fsi Stronic Technolo,2013,80000,US$,20000
https://auto.mercadolibre.com.ar/MLA-1455890905-audi-a3-2024-15-35-tfsi-sedan-tiptronic-150cv-_JM#polycard_client=search-nordic&position=43&search_layout=grid&type=item&tracking_id=692f2ac3-259d-4751-9e16-a97839ce933e,1455890905,Audi A3 1.5 35 Tfsi Sedan Tiptronic 150cv,2024,0,US$,53300
https://auto.mercadolibre.com.ar/MLA-1441913943-audi-a3-sedan-40tfsi-_JM#polycard_client=search-nordic&position=44&search_layout=grid&type=item&tracking_id=692f2ac3-259d-4751-9e16-a97839ce933e,1441913943,Audi A3 2.0 Tfsi Sedan 190cv,2024,0,US$,55500
https://auto.mercadolibre.com.ar/MLA-1852951190-audi-a3-2024-20-tfsi-sedan-190cv-_JM#polycard_client=search-nordic&position=45&search_layout=grid&type=item&tracking_id=692f2ac3-259d-4751-9e16-a97839ce933e,1852951190,Audi A3 2.0 Tfsi Sedan 190cv,2024,0,US$,56700
https://auto.mercadolibre.com.ar/MLA-1856336138-audi-a3-2024-15-35-tfsi-sedan-tiptronic-150cv-_JM#polycard_client=search-nordic&position=46&search_layout=grid&type=item&tracking_id=692f2ac3-259d-4751-9e16-a97839ce933e,1856336138,Audi A3 1.5 35 Tfsi Sedan Tiptronic 150cv,2024,0,US$,53300
https://auto.mercadolibre.com.ar/MLA-1986323580-audi-a3-sedan-35-_JM#polycard_client=search-nordic&position=47&search_layout=grid&type=item&tracking_id=692f2ac3-259d-4751-9e16-a97839ce933e,1986323580,Audi A3 New A3 Sedan 35,2025,0,US$,42000
https://auto.mercadolibre.com.ar/MLA-2000119714-audi-a3-coupe-14-tfsi-2017-_JM#polycard_client=search-nordic&position=48&search_layout=grid&type=item&tracking_id=692f2ac3-259d-4751-9e16-a97839ce933e,2000119714,Audi A3 Coup√© 1.4 Tfsi,2017,42000,US$,28000
https://auto.mercadolibre.com.ar/MLA-2011709702-audi-a3-20-tfsi-sedan-190cv-_JM#polycard_client=search-nordic&position=1&search_layout=grid&type=item&tracking_id=b8356a93-eff6-4677-a875-0819475bef06,2011709702,Audi A3 2.0 Tfsi Sedan 190cv,2018,109733,US$,28500
https://auto.mercadolibre.com.ar/MLA-1478452479-audi-a3-14-tfsi-sedan-150-cv-_JM#polycard_client=search-nordic&position=2&search_layout=grid&type=item&tracking_id=b8356a93-eff6-4677-a875-0819475bef06,1478452479,Audi A3 1.4 Tfsi Sedan 150 Cv,2018,71500,US$,27973
https://auto.mercadolibre.com.ar/MLA-1477381351-audi-a3-18-t-180-hp-quattro-_JM#polycard_client=search-nordic&position=3&search_layout=grid&type=item&tracking_id=b8356a93-eff6-4677-a875-0819475bef06,1477381351,Audi A3 1.8 T 180 Hp Quattro,2000,181000,US$,11000
https://auto.mercadolibre.com.ar/MLA-1478382993-audi-a3-20-i-_JM#polycard_client=search-nordic&position=4&search_layout=grid&type=item&tracking_id=b8356a93-eff6-4677-a875-0819475bef06,1478382993,Audi A3 2.0 I,2006,240000,US$,9500
https://auto.mercadolibre.com.ar/MLA-2019275198-audi-a3-18-tfsi-stronic-180cv-_JM#polycard_client=search-nordic&position=5&search_layout=grid&type=item&tracking_id=b8356a93-eff6-4677-a875-0819475bef06,2019275198,Audi A3 1.8 Tfsi Stronic 180cv,2016,65000,US$,26000
https://auto.mercadolibre.com.ar/MLA-2017015208-audi-a3-14-tsi-mt-125cv-_JM#polycard_client=search-nordic&position=6&search_layout=grid&type=item&tracking_id=b8356a93-eff6-4677-a875-0819475bef06,2017015208,Audi A3 1.4 Tsi Mt 125cv,2011,189000,US$,12500
https://auto.mercadolibre.com.ar/MLA-2010556050-audi-a3-20-tfsi-sedan-190cv-_JM#polycard_client=search-nordic&position=7&search_layout=grid&type=item&tracking_id=b8356a93-eff6-4677-a875-0819475bef06,2010556050,Audi A3 2.0 Tfsi Sedan 190cv,2019,59000,US$,37500
https://auto.mercadolibre.com.ar/MLA-1480153009-audi-a3-18-t-fsi-mt-180cv-4p-_JM#polycard_client=search-nordic&position=9&search_layout=grid&type=item&tracking_id=b8356a93-eff6-4677-a875-0819475bef06,1480153009,Audi A3 1.8 T Fsi Mt 180cv 4p,2014,65000,US$,24000
https://auto.mercadolibre.com.ar/MLA-2024028214-audi-a3-14-tfsi-sedan-150-cv-_JM#polycard_client=search-nordic&position=10&search_layout=grid&type=item&tracking_id=b8356a93-eff6-4677-a875-0819475bef06,2024028214,Audi A3 1.4 Tfsi Sedan 150 Cv,2018,65000,US$,35000
https://auto.mercadolibre.com.ar/MLA-2010558724-audi-a3-14-t-fsi-technology-_JM#polycard_client=search-nordic&position=11&search_layout=grid&type=item&tracking_id=b8356a93-eff6-4677-a875-0819475bef06,2010558724,Audi A3 1.4 T Fsi Technology,2015,118000,US$,17500
https://auto.mercadolibre.com.ar/MLA-2017631598-audi-a3-2006-20-fsi-premium-cuero-_JM#polycard_client=search-nordic&position=12&search_layout=grid&type=item&tracking_id=b8356a93-eff6-4677-a875-0819475bef06,2017631598,Audi A3 2.0 Fsi Premium Cuero,2006,210000,US$,10000
https://auto.mercadolibre.com.ar/MLA-1477420419-audi-a3-sedan-35-tfsi-s-tronic-_JM#polycard_client=search-nordic&position=13&search_layout=grid&type=item&tracking_id=b8356a93-eff6-4677-a875-0819475bef06,1477420419,Audi A3 A3 Sedan 35 Tfsi S Tronic,2021,83000,US$,33000
https://auto.mercadolibre.com.ar/MLA-1475475723-audi-a3-14-tfsi-sedan-150-cv-_JM#polycard_client=search-nordic&position=14&search_layout=grid&type=item&tracking_id=b8356a93-eff6-4677-a875-0819475bef06,1475475723,Audi A3 1.4 Tfsi Sedan 150 Cv,2020,63000,$,38500000
https://auto.mercadolibre.com.ar/MLA-1475635893-audi-a3-211-cv-_JM#polycard_client=search-nordic&position=15&search_layout=grid&type=item&tracking_id=b8356a93-eff6-4677-a875-0819475bef06,1475635893,Audi A3 211 Cv,2011,183000,US$,18500
https://auto.mercadolibre.com.ar/MLA-2016944624-audi-a3-16-102cv-_JM#polycard_client=search-nordic&position=16&search_layout=grid&type=item&tracking_id=b8356a93-eff6-4677-a875-0819475bef06,2016944624,Audi A3 1.6 102cv,2009,190000,US$,10500
https://auto.mercadolibre.com.ar/MLA-1476619615-audi-a3-18-sedan-t-fsi-mt-180cv-_JM#polycard_client=search-nordic&position=17&search_layout=grid&type=item&tracking_id=b8356a93-eff6-4677-a875-0819475bef06,1476619615,Audi A3 1.8 Sedan T Fsi Mt 180cv,2016,40000,US$,22900
https://auto.mercadolibre.com.ar/MLA-1998614656-audi-a3-14-tsi-mt-125cv-_JM#polycard_client=search-nordic&position=18&search_layout=grid&type=item&tracking_id=b8356a93-eff6-4677-a875-0819475bef06,1998614656,Audi A3 1.4 Tsi Mt 125cv,2012,111111,US$,7500
https://auto.mercadolibre.com.ar/MLA-1471486591-audi-_JM#polycard_client=search-nordic&position=19&search_layout=grid&type=item&tracking_id=b8356a93-eff6-4677-a875-0819475bef06,1471486591,Audi A3 1.4 Tfsi Sedan 150 Cv,2018,55000,US$,26000
https://auto.mercadolibre.com.ar/MLA-1463262419-audi-a3-16-premium-cuero-_JM#polycard_client=search-nordic&position=20&search_layout=grid&type=item&tracking_id=b8356a93-eff6-4677-a875-0819475bef06,1463262419,Audi A3 1.6 Premium Cuero,2007,135000,US$,8000
